element,method,configuration,term,state index,spin multiplicity,spatial multiplicity,ΔE (eV),spin type,basis,energy (Hartree),active space,Z
H,experiment,1s,1²S,1,2.0,1,0.0,INVARIANT,aug-cc-pvdz,,"(1, 5)",1
H,experiment,2s,2²S,2,2.0,1,10.2,INVARIANT,aug-cc-pvdz,,"(1, 5)",1
H,experiment,2p,1²P,1,2.0,3,10.2,INVARIANT,aug-cc-pvdz,,"(1, 5)",1
H,FCI,1s,1²S,1,2.0,1,0.0,INVARIANT,aug-cc-pvdz,-0.49933431543958573,"(1, 5)",1
H,FCI,2s,2²S,2,2.0,1,10.271403529379242,INVARIANT,aug-cc-pvdz,-0.12186719480743935,"(1, 5)",1
H,FCI,2p,1²P,1,2.0,3,12.285115918399924,INVARIANT,aug-cc-pvdz,-0.047864628839626056,"(1, 5)",1
H, LDA,1s,1²S,1,2.0,1,0.0,UNPOLARIZED,aug-cc-pvdz,-0.4150599994991377,"(1, 5)",1
H, LDA,2s,2²S,2,2.0,1,8.011145208908404,UNPOLARIZED,aug-cc-pvdz,-0.12065584077600902,"(1, 5)",1
H, LDA,2p,1²P,1,2.0,3,10.237604286003302,UNPOLARIZED,aug-cc-pvdz,-0.03883497816142258,"(1, 5)",1
H, LDA,1s,1²S,1,2.0,1,0.0,POLARIZED,aug-cc-pvdz,-0.48276190731726354,"(1, 5)",1
H, LDA,2s,2²S,2,2.0,1,9.228053811222983,POLARIZED,aug-cc-pvdz,-0.14363718193795028,"(1, 5)",1
H, LDA,2p,1²P,1,2.0,3,10.816361382749193,POLARIZED,aug-cc-pvdz,-0.0852679547931505,"(1, 5)",1
H, LDA,1s,1²S,1,2.0,1,0.0,INVARIANT,aug-cc-pvdz,-0.5715946076765106,"(1, 5)",1
H, LDA,2s,2²S,2,2.0,1,10.82819452718449,INVARIANT,aug-cc-pvdz,-0.1736657951115823,"(1, 5)",1
H, LDA,2p,1²P,1,2.0,3,11.638330528314786,INVARIANT,aug-cc-pvdz,-0.14389384595269508,"(1, 5)",1
H, LDA,1s,1²S,1,2.0,1,0.0,INVARIANT_MIX,aug-cc-pvdz,-0.4917338693774204,"(1, 5)",1
H, LDA,2s,2²S,2,2.0,1,9.389580663460732,INVARIANT_MIX,aug-cc-pvdz,-0.14667314161590475,"(1, 5)",1
H, LDA,2p,1²P,1,2.0,3,10.896160230656648,INVARIANT_MIX,aug-cc-pvdz,-0.09130736325795565,"(1, 5)",1
He,experiment,1s²,1¹S,1,1.0,1,0.0,INVARIANT,aug-cc-pvdz,,"(2, 2)",2
He,experiment,1s2s,1³S,1,3.0,1,19.819614525,INVARIANT,aug-cc-pvdz,,"(2, 2)",2
He,experiment,1s2s,2¹S,2,1.0,1,20.615774823,INVARIANT,aug-cc-pvdz,,"(2, 2)",2
He,FCI,1s²,1¹S,1,1.0,1,0.0,INVARIANT,aug-cc-pvdz,-2.889548485365355,"(2, 2)",2
He,FCI,1s2s,1³S,1,3.0,1,20.092904158631853,INVARIANT,aug-cc-pvdz,-2.1511478708628875,"(2, 2)",2
He,FCI,1s2s,2¹S,2,1.0,1,21.60430704559408,INVARIANT,aug-cc-pvdz,-2.095604838771418,"(2, 2)",2
He, LDA,1s²,1¹S,1,1.0,1,0.0,UNPOLARIZED,aug-cc-pvdz,-2.7813969630908204,"(2, 2)",2
He, LDA,1s2s,1³S,1,3.0,1,21.360586427738234,UNPOLARIZED,aug-cc-pvdz,-1.996409884077701,"(2, 2)",2
He, LDA,1s2s,2¹S,2,1.0,1,22.261539556698672,UNPOLARIZED,aug-cc-pvdz,-1.9633004670013987,"(2, 2)",2
He, LDA,,3¹S,3,1.0,1,55.79899909385272,UNPOLARIZED,aug-cc-pvdz,-0.7308215512819102,"(2, 2)",2
He, LDA,1s²,1¹S,1,1.0,1,0.0,POLARIZED,aug-cc-pvdz,-2.7950470975856954,"(2, 2)",2
He, LDA,1s2s,1³S,1,3.0,1,18.08816326202858,POLARIZED,aug-cc-pvdz,-2.1303193527830593,"(2, 2)",2
He, LDA,1s2s,2¹S,2,1.0,1,20.068502131608206,POLARIZED,aug-cc-pvdz,-2.0575432410435064,"(2, 2)",2
He, LDA,,3¹S,3,1.0,1,55.76903015157173,POLARIZED,aug-cc-pvdz,-0.7455730241010797,"(2, 2)",2
He, LDA,1s²,1¹S,1,1.0,1,0.0,INVARIANT,aug-cc-pvdz,-2.824627023156451,"(2, 2)",2
He, LDA,1s2s,1³S,1,3.0,1,14.188830533958017,INVARIANT,aug-cc-pvdz,-2.3031971142378307,"(2, 2)",2
He, LDA,1s2s,2¹S,2,1.0,1,17.97242678839278,INVARIANT,aug-cc-pvdz,-2.1641525153462537,"(2, 2)",2
He, LDA,,3¹S,3,1.0,1,56.07686153326733,INVARIANT,aug-cc-pvdz,-0.7638403549561763,"(2, 2)",2
He, LDA,1s²,1¹S,1,1.0,1,0.0,INVARIANT_MIX,aug-cc-pvdz,-2.7973380222656337,"(2, 2)",2
He, LDA,1s2s,1³S,1,3.0,1,17.671144513326336,INVARIANT_MIX,aug-cc-pvdz,-2.147935433939619,"(2, 2)",2
He, LDA,1s2s,2¹S,2,1.0,1,19.811245044114102,INVARIANT_MIX,aug-cc-pvdz,-2.069288189392251,"(2, 2)",2
He, LDA,,3¹S,3,1.0,1,55.77969299644173,INVARIANT_MIX,aug-cc-pvdz,-0.7474720964563266,"(2, 2)",2
Li,experiment,1s²2s,1²S,1,2.0,1,0.0,INVARIANT,cc-pvdz,,"(1, 4)",3
Li,experiment,1s²2p,1²P,1,2.0,3,1.85,INVARIANT,cc-pvdz,,"(1, 4)",3
Li,FCI,1s²2s,1²S,1,2.0,1,0.0,INVARIANT,cc-pvdz,-7.432637514964852,"(1, 4)",3
Li,FCI,1s²2p,1²P,1,2.0,3,1.8444752125840318,INVARIANT,cc-pvdz,-7.364854300569658,"(1, 4)",3
Li, LDA,1s²2s,1²S,1,2.0,1,0.0,UNPOLARIZED,cc-pvdz,-7.308507049440855,"(1, 4)",3
Li, LDA,1s²2p,1²P,1,2.0,3,1.14305141877256,UNPOLARIZED,cc-pvdz,-7.266500684240183,"(1, 4)",3
Li, LDA,1s²2s,1²S,1,2.0,1,0.0,POLARIZED,cc-pvdz,-7.33568657879808,"(1, 4)",3
Li, LDA,1s²2p,1²P,1,2.0,3,1.1736768643887512,POLARIZED,cc-pvdz,-7.292554749220339,"(1, 4)",3
Li, LDA,1s²2s,1²S,1,2.0,1,0.0,INVARIANT,cc-pvdz,-7.373668845962845,"(1, 4)",3
Li, LDA,1s²2p,1²P,1,2.0,3,1.215451990144907,INVARIANT,cc-pvdz,-7.329001808817013,"(1, 4)",3
Li, LDA,1s²2s,1²S,1,2.0,1,0.0,INVARIANT_MIX,cc-pvdz,-7.339559007241613,"(1, 4)",3
Li, LDA,1s²2p,1²P,1,2.0,3,1.1776988852710792,INVARIANT_MIX,cc-pvdz,-7.296279371121443,"(1, 4)",3
Be,experiment,1s²2s²,1¹S,1,1.0,1,0.0,INVARIANT,cc-pvdz,,"(2, 4)",4
Be,experiment,1s²2s2p,1³P,1,3.0,3,2.73,INVARIANT,cc-pvdz,,"(2, 4)",4
Be,experiment,1s²2s2p,1¹P,1,3.0,3,5.28,INVARIANT,cc-pvdz,,"(2, 4)",4
Be,FCI,1s²2s²,1¹S,1,1.0,1,0.0,INVARIANT,cc-pvdz,-14.617409506552091,"(2, 4)",4
Be,FCI,1s²2s2p,1³P,1,3.0,3,2.751254692327211,INVARIANT,cc-pvdz,-14.516302760636794,"(2, 4)",4
Be,FCI,1s²2s2p,1¹P,1,1.0,3,5.6261197162429335,INVARIANT,cc-pvdz,-14.410653418783985,"(2, 4)",4
Be, LDA,1s²2s²,1¹S,1,1.0,1,0.0,UNPOLARIZED,cc-pvdz,-14.355306321524928,"(2, 4)",4
Be, LDA,1s²2s2p,1³P,1,3.0,3,2.006177843241599,UNPOLARIZED,cc-pvdz,-14.281580645009697,"(2, 4)",4
Be, LDA,1s²2s2p,1¹P,1,1.0,3,4.4001305584929895,UNPOLARIZED,cc-pvdz,-14.193604504673006,"(2, 4)",4
Be, LDA,,2³P,2,3.0,3,5.596745712145525,UNPOLARIZED,cc-pvdz,-14.149629708505952,"(2, 4)",4
Be, LDA,,1¹D,1,1.0,5,5.807890800375834,UNPOLARIZED,cc-pvdz,-14.141870269568328,"(2, 4)",4
Be, LDA,,2¹S,2,1.0,1,6.826409576314326,UNPOLARIZED,cc-pvdz,-14.104440394618559,"(2, 4)",4
Be, LDA,1s²2s²,1¹S,1,1.0,1,0.0,POLARIZED,cc-pvdz,-14.438147428152211,"(2, 4)",4
Be, LDA,1s²2s2p,1³P,1,3.0,3,1.9370486481905582,POLARIZED,cc-pvdz,-14.366962202718753,"(2, 4)",4
Be, LDA,,2³P,2,3.0,3,5.6037162816601525,POLARIZED,cc-pvdz,-14.232214651426267,"(2, 4)",4
Be, LDA,1s²2s2p,1¹P,1,1.0,3,5.617747900255232,POLARIZED,cc-pvdz,-14.231698998949588,"(2, 4)",4
Be, LDA,,1¹D,1,1.0,5,6.490828916305764,POLARIZED,cc-pvdz,-14.199613863138834,"(2, 4)",4
Be, LDA,,2¹S,2,1.0,1,9.12056620649212,POLARIZED,cc-pvdz,-14.102972799421847,"(2, 4)",4
Be, LDA,1s²2s²,1¹S,1,1.0,1,0.0,INVARIANT,cc-pvdz,-14.5518593213837,"(2, 4)",4
Be, LDA,1s²2s2p,1³P,1,3.0,3,1.9127998606585483,INVARIANT,cc-pvdz,-14.481565222463026,"(2, 4)",4
Be, LDA,,2³P,2,3.0,3,5.673962129052648,INVARIANT,cc-pvdz,-14.343345057358988,"(2, 4)",4
Be, LDA,1s²2s2p,1¹P,1,1.0,3,7.369382023061787,INVARIANT,cc-pvdz,-14.28103952493359,"(2, 4)",4
Be, LDA,,1¹D,1,1.0,5,7.5260821467912775,INVARIANT,cc-pvdz,-14.275280901553865,"(2, 4)",4
Be, LDA,,2¹S,2,1.0,1,12.471396151117593,INVARIANT,cc-pvdz,-14.09354396243979,"(2, 4)",4
Be, LDA,1s²2s²,1¹S,1,1.0,1,0.0,INVARIANT_MIX,cc-pvdz,-14.450043250807404,"(2, 4)",4
Be, LDA,1s²2s2p,1³P,1,3.0,3,1.929863954039656,INVARIANT_MIX,cc-pvdz,-14.379122058016224,"(2, 4)",4
Be, LDA,,2³P,2,3.0,3,5.604631796734263,INVARIANT_MIX,cc-pvdz,-14.244076829522765,"(2, 4)",4
Be, LDA,1s²2s2p,1¹P,1,1.0,3,5.797236104232071,INVARIANT_MIX,cc-pvdz,-14.236998751715326,"(2, 4)",4
Be, LDA,,1¹D,1,1.0,5,6.592639542173257,INVARIANT_MIX,cc-pvdz,-14.207768214272045,"(2, 4)",4
Be, LDA,,2¹S,2,1.0,1,9.463866036409014,INVARIANT_MIX,cc-pvdz,-14.102252585919802,"(2, 4)",4
B,experiment,2s²2p,1²P,1,2.0,3,0.0,INVARIANT,cc-pvdz,,"(3, 4)",5
B,experiment,2s2p²,1⁴P,1,4.0,3,3.55,INVARIANT,cc-pvdz,,"(3, 4)",5
B,FCI,2s²2p,1²P,1,2.0,3,0.0,INVARIANT,cc-pvdz,-24.59062959993381,"(3, 4)",5
B,FCI,2s2p²,1⁴P,1,4.0,3,3.510620718833368,INVARIANT,cc-pvdz,-24.461616667029432,"(3, 4)",5
B, LDA,2s²2p,1²P,1,2.0,3,0.0,UNPOLARIZED,cc-pvdz,-24.20555840222848,"(3, 4)",5
B, LDA,2s2p²,1⁴P,1,4.0,3,2.959041907585578,UNPOLARIZED,cc-pvdz,-24.096815616932254,"(3, 4)",5
B, LDA,,1²D,1,2.0,5,4.855374314829492,UNPOLARIZED,cc-pvdz,-24.027126685767552,"(3, 4)",5
B, LDA,,1²S,1,2.0,1,5.2911675308469555,UNPOLARIZED,cc-pvdz,-24.011111580337158,"(3, 4)",5
B, LDA,,2²P,2,2.0,3,7.776452697284133,UNPOLARIZED,cc-pvdz,-23.919779034298873,"(3, 4)",5
B, LDA,,1⁴S,1,4.0,1,10.062564158509243,UNPOLARIZED,cc-pvdz,-23.835765986983134,"(3, 4)",5
B, LDA,,2²D,2,2.0,5,10.49835737452574,UNPOLARIZED,cc-pvdz,-23.819750881552775,"(3, 4)",5
B, LDA,,3²P,3,2.0,3,11.266897565893386,UNPOLARIZED,cc-pvdz,-23.791507550220707,"(3, 4)",5
B, LDA,2s²2p,1²P,1,2.0,3,0.0,POLARIZED,cc-pvdz,-24.33303720587482,"(3, 4)",5
B, LDA,2s2p²,1⁴P,1,4.0,3,1.8184903472089724,POLARIZED,cc-pvdz,-24.266208917676916,"(3, 4)",5
B, LDA,,1²D,1,2.0,5,5.432778543817547,POLARIZED,cc-pvdz,-24.133386275201,"(3, 4)",5
B, LDA,,1²S,1,2.0,1,7.2088562882824165,POLARIZED,cc-pvdz,-24.068116621418593,"(3, 4)",5
B, LDA,,1⁴S,1,4.0,1,9.045313998365776,POLARIZED,cc-pvdz,-24.000628044808288,"(3, 4)",5
B, LDA,,2²P,2,2.0,3,9.109199448104958,POLARIZED,cc-pvdz,-23.998280297813988,"(3, 4)",5
B, LDA,,2²D,2,2.0,5,10.821391742829487,POLARIZED,cc-pvdz,-23.93535839102592,"(3, 4)",5
B, LDA,,3²P,3,2.0,3,12.989338713650993,POLARIZED,cc-pvdz,-23.85568780867381,"(3, 4)",5
B, LDA,2s²2p,1²P,1,2.0,3,0.0,INVARIANT,cc-pvdz,-24.50749362689222,"(3, 4)",5
B, LDA,2s2p²,1⁴P,1,4.0,3,0.4407737550117325,INVARIANT,cc-pvdz,-24.491295490028197,"(3, 4)",5
B, LDA,,1²D,1,2.0,5,6.3918018538306285,INVARIANT,cc-pvdz,-24.272599239332074,"(3, 4)",5
B, LDA,,1⁴S,1,4.0,1,7.809822086449896,INVARIANT,cc-pvdz,-24.22048795651917,"(3, 4)",5
B, LDA,,1²S,1,2.0,1,10.017113816018686,INVARIANT,cc-pvdz,-24.139371480939925,"(3, 4)",5
B, LDA,,2²P,2,2.0,3,11.043234127094724,INVARIANT,cc-pvdz,-24.101662254724037,"(3, 4)",5
B, LDA,,2²D,2,2.0,5,11.435134048636503,INVARIANT,cc-pvdz,-24.087260198127076,"(3, 4)",5
B, LDA,,3²P,3,2.0,3,15.65539200288623,INVARIANT,cc-pvdz,-23.93216857761396,"(3, 4)",5
B, LDA,2s²2p,1²P,1,2.0,3,0.0,INVARIANT_MIX,cc-pvdz,-24.351586968580918,"(3, 4)",5
B, LDA,2s2p²,1⁴P,1,4.0,3,1.659274606335967,INVARIANT_MIX,cc-pvdz,-24.290609750988384,"(3, 4)",5
B, LDA,,1²D,1,2.0,5,5.525312224478596,INVARIANT_MIX,cc-pvdz,-24.148535487836146,"(3, 4)",5
B, LDA,,1²S,1,2.0,1,7.502002213013873,INVARIANT_MIX,cc-pvdz,-24.075893470002786,"(3, 4)",5
B, LDA,,1⁴S,1,4.0,1,8.897216453882951,INVARIANT_MIX,cc-pvdz,-24.024620291935207,"(3, 4)",5
B, LDA,,2²P,2,2.0,3,9.304007483695042,INVARIANT_MIX,cc-pvdz,-24.009670997198324,"(3, 4)",5
B, LDA,,2²D,2,2.0,5,10.873906442417745,INVARIANT_MIX,cc-pvdz,-23.951978274101865,"(3, 4)",5
B, LDA,,3²P,3,2.0,3,13.25694072671535,INVARIANT_MIX,cc-pvdz,-23.86440337870528,"(3, 4)",5
C,experiment,2p²,1³P,1,3.0,3,0.0,INVARIANT,cc-pvdz,,"(2, 3)",6
C,experiment,2p²,1¹D,1,1.0,5,1.26,INVARIANT,cc-pvdz,,"(2, 3)",6
C,experiment,2p²,1¹S,1,1.0,1,2.68,INVARIANT,cc-pvdz,,"(2, 3)",6
C,FCI,2p²,1³P,1,3.0,3,0.0,INVARIANT,cc-pvdz,-37.76190470719765,"(2, 3)",6
C,FCI,2p²,1¹D,1,1.0,5,1.4859984419776193,INVARIANT,cc-pvdz,-37.70729527124737,"(2, 3)",6
C,FCI,2p²,1¹S,1,1.0,1,2.9317616998314913,INVARIANT,cc-pvdz,-37.654164451053525,"(2, 3)",6
C, LDA,2p²,1³P,1,3.0,3,0.0,UNPOLARIZED,cc-pvdz,-37.387400350100094,"(2, 3)",6
C, LDA,2p²,1¹D,1,1.0,5,0.6558388973932523,UNPOLARIZED,cc-pvdz,-37.3632987149643,"(2, 3)",6
C, LDA,2p²,1¹S,1,1.0,1,1.6395972434835175,UNPOLARIZED,cc-pvdz,-37.3271462622606,"(2, 3)",6
C, LDA,2p²,1³P,1,3.0,3,0.0,POLARIZED,cc-pvdz,-37.466579215590144,"(2, 3)",6
C, LDA,2p²,1¹D,1,1.0,5,1.5400225019297946,POLARIZED,cc-pvdz,-37.409984432038954,"(2, 3)",6
C, LDA,2p²,1¹S,1,1.0,1,3.8500562548260335,POLARIZED,cc-pvdz,-37.32509225671211,"(2, 3)",6
C, LDA,2p²,1³P,1,3.0,3,0.0,INVARIANT,cc-pvdz,-37.59228022526676,"(2, 3)",6
C, LDA,2p²,1¹D,1,1.0,5,2.9839037003345545,INVARIANT,cc-pvdz,-37.48262378593135,"(2, 3)",6
C, LDA,2p²,1¹S,1,1.0,1,7.4597592508352255,INVARIANT,cc-pvdz,-37.31813912692828,"(2, 3)",6
C, LDA,2p²,1³P,1,3.0,3,0.0,INVARIANT_MIX,cc-pvdz,-37.48780579361331,"(2, 3)",6
C, LDA,2p²,1¹D,1,1.0,5,1.7799058603466518,INVARIANT_MIX,cc-pvdz,-37.42239545916587,"(2, 3)",6
C, LDA,2p²,1¹S,1,1.0,1,4.449764650865566,INVARIANT_MIX,cc-pvdz,-37.324279957494745,"(2, 3)",6
N,experiment,2p³,1⁴S,1,4.0,1,0.0,INVARIANT,cc-pvdz,,"(3, 3)",7
N,experiment,2p³,1²D,1,2.0,5,2.38,INVARIANT,cc-pvdz,,"(3, 3)",7
N,experiment,2p³,1²P,1,2.0,3,3.58,INVARIANT,cc-pvdz,,"(3, 3)",7
N,FCI,2p³,1⁴S,1,4.0,1,0.0,INVARIANT,cc-pvdz,-54.48011505437381,"(3, 3)",7
N,FCI,2p³,1²D,1,2.0,5,2.7197523748578196,INVARIANT,cc-pvdz,-54.38016599728209,"(3, 3)",7
N,FCI,2p³,1²P,1,2.0,3,3.9115820200841074,INVARIANT,cc-pvdz,-54.33636706530743,"(3, 3)",7
N, LDA,2p³,1⁴S,1,4.0,1,0.0,UNPOLARIZED,cc-pvdz,-53.98813777960172,"(3, 3)",7
N, LDA,2p³,1²D,1,2.0,5,1.2059241187061993,UNPOLARIZED,cc-pvdz,-53.94382088527595,"(3, 3)",7
N, LDA,2p³,1²P,1,2.0,3,2.00987353117977,UNPOLARIZED,cc-pvdz,-53.91427628905866,"(3, 3)",7
N, LDA,2p³,1⁴S,1,4.0,1,0.0,POLARIZED,cc-pvdz,-54.1323600702472,"(3, 3)",7
N, LDA,2p³,1²D,1,2.0,5,2.793739886896446,POLARIZED,cc-pvdz,-54.02969202221602,"(3, 3)",7
N, LDA,2p³,1²P,1,2.0,3,4.6562331448293435,POLARIZED,cc-pvdz,-53.961246656861825,"(3, 3)",7
N, LDA,2p³,1⁴S,1,4.0,1,0.0,INVARIANT,cc-pvdz,-54.35862058219953,"(3, 3)",7
N, LDA,2p³,1²D,1,2.0,5,5.314289489734096,INVARIANT,cc-pvdz,-54.16332404398467,"(3, 3)",7
N, LDA,2p³,1²P,1,2.0,3,8.857149149559275,INVARIANT,cc-pvdz,-54.03312635184135,"(3, 3)",7
N, LDA,2p³,1⁴S,1,4.0,1,0.0,INVARIANT_MIX,cc-pvdz,-54.17085615323462,"(3, 3)",7
N, LDA,2p³,1²D,1,2.0,5,3.2196158541814794,INVARIANT_MIX,cc-pvdz,-54.05253745194483,"(3, 3)",7
N, LDA,2p³,1²P,1,2.0,3,5.366026423637217,INVARIANT_MIX,cc-pvdz,-53.973658317751585,"(3, 3)",7
O,experiment,2p⁴,1³P,1,3.0,3,0.0,INVARIANT,cc-pvdz,,"(4, 3)",8
O,experiment,2p⁴,1¹D,1,1.0,5,1.967,INVARIANT,cc-pvdz,,"(4, 3)",8
O,experiment,2p⁴,1¹S,1,1.0,1,4.19,INVARIANT,cc-pvdz,,"(4, 3)",8
O,FCI,2p⁴,1³P,1,3.0,3,0.0,INVARIANT,cc-pvdz,-74.91174384584033,"(4, 3)",8
O,FCI,2p⁴,1¹D,1,1.0,5,2.141724609266071,INVARIANT,cc-pvdz,-74.83303691750923,"(4, 3)",8
O,FCI,2p⁴,1¹S,1,1.0,1,4.296933861277914,INVARIANT,cc-pvdz,-74.75383443769333,"(4, 3)",8
O, LDA,2p⁴,1³P,1,3.0,3,0.0,UNPOLARIZED,cc-pvdz,-74.38796575263426,"(4, 3)",8
O, LDA,2p⁴,1¹D,1,1.0,5,0.931436467484177,UNPOLARIZED,cc-pvdz,-74.35373609352025,"(4, 3)",8
O, LDA,2p⁴,1¹S,1,1.0,1,2.328591168713149,UNPOLARIZED,cc-pvdz,-74.30239160484915,"(4, 3)",8
O, LDA,2p⁴,1³P,1,3.0,3,0.0,POLARIZED,cc-pvdz,-74.49912887540656,"(4, 3)",8
O, LDA,2p⁴,1¹D,1,1.0,5,2.1524906242143853,POLARIZED,cc-pvdz,-74.42002630332028,"(4, 3)",8
O, LDA,2p⁴,1¹S,1,1.0,1,5.3812265605375105,POLARIZED,cc-pvdz,-74.30137244519082,"(4, 3)",8
O, LDA,2p⁴,1³P,1,3.0,3,0.0,INVARIANT,cc-pvdz,-74.67130903712426,"(4, 3)",8
O, LDA,2p⁴,1¹D,1,1.0,5,4.0605711496241765,INVARIANT,cc-pvdz,-74.52208579849027,"(4, 3)",8
O, LDA,2p⁴,1¹S,1,1.0,1,10.151427874061987,INVARIANT,cc-pvdz,-74.29825094053922,"(4, 3)",8
O, LDA,2p⁴,1³P,1,3.0,3,0.0,INVARIANT_MIX,cc-pvdz,-74.52869527314597,"(4, 3)",8
O, LDA,2p⁴,1¹D,1,1.0,5,2.4784227056783448,INVARIANT_MIX,cc-pvdz,-74.43761491789112,"(4, 3)",8
O, LDA,2p⁴,1¹S,1,1.0,1,6.1960567641999225,INVARIANT_MIX,cc-pvdz,-74.3009943850087,"(4, 3)",8
