basis,bond length (Angstrom),state index,spin multiplicity,spin type,energy (Hartree),method
cc-pvdz,0.2,1,1,,0.15642654494760322,KS-LDA
cc-pvdz,0.2,1,3,,0.8504369428261662,KS-LDA
cc-pvdz,0.2539325842696629,1,1,,-0.33403811070022904,KS-LDA
cc-pvdz,0.2539325842696629,1,3,,0.328619297904136,KS-LDA
cc-pvdz,0.3078651685393259,1,1,,-0.6258706596215926,KS-LDA
cc-pvdz,0.3078651685393259,1,3,,0.004408432624661396,KS-LDA
cc-pvdz,0.3617977528089888,1,1,,-0.8092608244757333,KS-LDA
cc-pvdz,0.3617977528089888,1,3,,-0.21160497601506845,KS-LDA
cc-pvdz,0.4157303370786517,1,1,,-0.9280357151689487,KS-LDA
cc-pvdz,0.4157303370786517,1,3,,-0.3627460208589075,KS-LDA
cc-pvdz,0.4696629213483146,1,1,,-1.006048359666089,KS-LDA
cc-pvdz,0.4696629213483146,1,3,,-0.47255825074701585,KS-LDA
cc-pvdz,0.5235955056179775,1,1,,-1.057292893782375,KS-LDA
cc-pvdz,0.5235955056179775,1,3,,-0.5548683113472113,KS-LDA
cc-pvdz,0.5775280898876405,1,1,,-1.090434823816409,KS-LDA
cc-pvdz,0.5775280898876405,1,3,,-0.6182633193475159,KS-LDA
cc-pvdz,0.6314606741573034,1,1,,-1.1110656131712577,KS-LDA
cc-pvdz,0.6314606741573034,1,3,,-0.668303247098088,KS-LDA
cc-pvdz,0.6853932584269663,1,1,,-1.1229079992064166,KS-LDA
cc-pvdz,0.6853932584269663,1,3,,-0.7086949968621825,KS-LDA
cc-pvdz,0.7393258426966292,1,1,,-1.1285019956698594,KS-LDA
cc-pvdz,0.7393258426966292,1,3,,-0.7419551066728408,KS-LDA
cc-pvdz,0.7932584269662921,1,1,,-1.1296178196310858,KS-LDA
cc-pvdz,0.7932584269662921,1,3,,-0.769812261374475,KS-LDA
cc-pvdz,0.8471910112359551,1,1,,-1.127514170164867,KS-LDA
cc-pvdz,0.8471910112359551,1,3,,-0.7934697288569543,KS-LDA
cc-pvdz,0.901123595505618,1,1,,-1.1231029296608015,KS-LDA
cc-pvdz,0.901123595505618,1,3,,-0.8137812366507376,KS-LDA
cc-pvdz,0.955056179775281,1,1,,-1.117055248374676,KS-LDA
cc-pvdz,0.955056179775281,1,3,,-0.8313671248995869,KS-LDA
cc-pvdz,1.0089887640449438,1,1,,-1.1098708069125478,KS-LDA
cc-pvdz,1.0089887640449438,1,3,,-0.8466897239114463,KS-LDA
cc-pvdz,1.0629213483146067,1,1,,-1.1019240904433079,KS-LDA
cc-pvdz,1.0629213483146067,1,3,,-0.860102320280275,KS-LDA
cc-pvdz,1.1168539325842697,1,1,,-1.0934963578073618,KS-LDA
cc-pvdz,1.1168539325842697,1,3,,-0.8718814295829631,KS-LDA
cc-pvdz,1.1707865168539326,1,1,,-1.0847986395047269,KS-LDA
cc-pvdz,1.1707865168539326,1,3,,-0.8822485137142386,KS-LDA
cc-pvdz,1.2247191011235954,1,1,,-1.0759887831736659,KS-LDA
cc-pvdz,1.2247191011235954,1,3,,-0.8913847193666082,KS-LDA
cc-pvdz,1.2786516853932584,1,1,,-1.0671844194053033,KS-LDA
cc-pvdz,1.2786516853932584,1,3,,-0.8994410746769261,KS-LDA
cc-pvdz,1.3325842696629213,1,1,,-1.0584728219671296,KS-LDA
cc-pvdz,1.3325842696629213,1,3,,-0.9065455431559155,KS-LDA
cc-pvdz,1.3865168539325843,1,1,,-1.049918444965962,KS-LDA
cc-pvdz,1.3865168539325843,1,3,,-0.9128080836315309,KS-LDA
cc-pvdz,1.4404494382022472,1,1,,-1.0415685712285923,KS-LDA
cc-pvdz,1.4404494382022472,1,3,,-0.918324279388216,KS-LDA
cc-pvdz,1.4943820224719102,1,1,,-1.0334575427892636,KS-LDA
cc-pvdz,1.4943820224719102,1,3,,-0.9231780654019253,KS-LDA
cc-pvdz,1.548314606741573,1,1,,-1.0256098534352194,KS-LDA
cc-pvdz,1.548314606741573,1,3,,-0.9274437325008387,KS-LDA
cc-pvdz,1.602247191011236,1,1,,-1.0180423862616534,KS-LDA
cc-pvdz,1.602247191011236,1,3,,-0.9311874068660608,KS-LDA
cc-pvdz,1.6561797752808989,1,1,,-1.0107660554142133,KS-LDA
cc-pvdz,1.6561797752808989,1,3,,-0.9344681797006966,KS-LDA
cc-pvdz,1.7101123595505618,1,1,,-1.003787046801183,KS-LDA
cc-pvdz,1.7101123595505618,1,3,,-0.9373390050886952,KS-LDA
cc-pvdz,1.7640449438202248,1,1,,-0.9971077919453848,KS-LDA
cc-pvdz,1.7640449438202248,1,3,,-0.9398474263502716,KS-LDA
cc-pvdz,1.8179775280898876,1,1,,-0.9907276889305485,KS-LDA
cc-pvdz,1.8179775280898876,1,3,,-0.9420360761234676,KS-LDA
cc-pvdz,1.8719101123595505,1,1,,-0.9846436442130878,KS-LDA
cc-pvdz,1.8719101123595505,1,3,,-0.9439430291092389,KS-LDA
cc-pvdz,1.9258426966292135,1,1,,-0.9788505398810721,KS-LDA
cc-pvdz,1.9258426966292135,1,3,,-0.9456021410601434,KS-LDA
cc-pvdz,1.9797752808988764,1,1,,-0.9733416935238235,KS-LDA
cc-pvdz,1.9797752808988764,1,3,,-0.9470434481584493,KS-LDA
cc-pvdz,2.0337078651685396,1,1,,-0.9681092504040262,KS-LDA
cc-pvdz,2.0337078651685396,1,3,,-0.9482935282067372,KS-LDA
cc-pvdz,2.087640449438202,1,1,,-0.9631445032203668,KS-LDA
cc-pvdz,2.087640449438202,1,3,,-0.9493758251829362,KS-LDA
cc-pvdz,2.141573033707865,1,1,,-0.9584381820744804,KS-LDA
cc-pvdz,2.141573033707865,1,3,,-0.9503109987749477,KS-LDA
cc-pvdz,2.195505617977528,1,1,,-0.9539806731866822,KS-LDA
cc-pvdz,2.195505617977528,1,3,,-0.9511172284815894,KS-LDA
cc-pvdz,2.249438202247191,1,1,,-0.9497621764471866,KS-LDA
cc-pvdz,2.249438202247191,1,3,,-0.9518104859742504,KS-LDA
cc-pvdz,2.303370786516854,1,1,,-0.945772847042244,KS-LDA
cc-pvdz,2.303370786516854,1,3,,-0.9524048267619452,KS-LDA
cc-pvdz,2.357303370786517,1,1,,-0.9420028932843674,KS-LDA
cc-pvdz,2.357303370786517,1,3,,-0.9529126387991591,KS-LDA
cc-pvdz,2.41123595505618,1,1,,-0.938442624724202,KS-LDA
cc-pvdz,2.41123595505618,1,3,,-0.9533448310007294,KS-LDA
cc-pvdz,2.465168539325843,1,1,,-0.9350825021119951,KS-LDA
cc-pvdz,2.465168539325843,1,3,,-0.9537110286768089,KS-LDA
cc-pvdz,2.519101123595506,1,1,,-0.9319131887266281,KS-LDA
cc-pvdz,2.519101123595506,1,3,,-0.9540197601586347,KS-LDA
cc-pvdz,2.573033707865169,1,1,,-0.9289255695190209,KS-LDA
cc-pvdz,2.573033707865169,1,3,,-0.9542785798302807,KS-LDA
cc-pvdz,2.626966292134832,1,1,,-0.9261107550092259,KS-LDA
cc-pvdz,2.626966292134832,1,3,,-0.9544941568538482,KS-LDA
cc-pvdz,2.6808988764044948,1,1,,-0.9234601072788801,KS-LDA
cc-pvdz,2.6808988764044948,1,3,,-0.9546723853855857,KS-LDA
cc-pvdz,2.7348314606741577,1,1,,-0.9209652736674098,KS-LDA
cc-pvdz,2.7348314606741577,1,3,,-0.9548184915158894,KS-LDA
cc-pvdz,2.7887640449438207,1,1,,-0.9186181980393581,KS-LDA
cc-pvdz,2.7887640449438207,1,3,,-0.9549370956473368,KS-LDA
cc-pvdz,2.842696629213483,1,1,,-0.9164111156877418,KS-LDA
cc-pvdz,2.842696629213483,1,3,,-0.9550322474589782,KS-LDA
cc-pvdz,2.896629213483146,1,1,,-0.9143365626103879,KS-LDA
cc-pvdz,2.896629213483146,1,3,,-0.9551074824894259,KS-LDA
cc-pvdz,2.950561797752809,1,1,,-0.9123873998322276,KS-LDA
cc-pvdz,2.950561797752809,1,3,,-0.9551658993289827,KS-LDA
cc-pvdz,3.004494382022472,1,1,,-0.910556826228558,KS-LDA
cc-pvdz,3.004494382022472,1,3,,-0.9552102175528142,KS-LDA
cc-pvdz,3.058426966292135,1,1,,-0.9088383677768069,KS-LDA
cc-pvdz,3.058426966292135,1,3,,-0.9552428025352214,KS-LDA
cc-pvdz,3.112359550561798,1,1,,-0.9072258574151,KS-LDA
cc-pvdz,3.112359550561798,1,3,,-0.9552656815463092,KS-LDA
cc-pvdz,3.166292134831461,1,1,,-0.9057134276985415,KS-LDA
cc-pvdz,3.166292134831461,1,3,,-0.9552805826337365,KS-LDA
cc-pvdz,3.220224719101124,1,1,,-0.9042955155115269,KS-LDA
cc-pvdz,3.220224719101124,1,3,,-0.9552889905774078,KS-LDA
cc-pvdz,3.274157303370787,1,1,,-0.9029668602539997,KS-LDA
cc-pvdz,3.274157303370787,1,3,,-0.9552921907320646,KS-LDA
cc-pvdz,3.32808988764045,1,1,,-0.9017224851636262,KS-LDA
cc-pvdz,3.32808988764045,1,3,,-0.9552912869656024,KS-LDA
cc-pvdz,3.3820224719101124,1,1,,-0.9005576670927606,KS-LDA
cc-pvdz,3.3820224719101124,1,3,,-0.9552872034866109,KS-LDA
cc-pvdz,3.4359550561797754,1,1,,-0.899467912216836,KS-LDA
cc-pvdz,3.4359550561797754,1,3,,-0.9552806955305301,KS-LDA
cc-pvdz,3.4898876404494383,1,1,,-0.8984489475203347,KS-LDA
cc-pvdz,3.4898876404494383,1,3,,-0.9552723801494868,KS-LDA
cc-pvdz,3.5438202247191013,1,1,,-0.8974967203113332,KS-LDA
cc-pvdz,3.5438202247191013,1,3,,-0.9552627732395761,KS-LDA
cc-pvdz,3.5977528089887643,1,1,,-0.8966073934679428,KS-LDA
cc-pvdz,3.5977528089887643,1,3,,-0.9552523150946961,KS-LDA
cc-pvdz,3.6516853932584272,1,1,,-0.8957773301467851,KS-LDA
cc-pvdz,3.6516853932584272,1,3,,-0.955241377170359,KS-LDA
cc-pvdz,3.70561797752809,1,1,,-0.8950030710877013,KS-LDA
cc-pvdz,3.70561797752809,1,3,,-0.9552302565291149,KS-LDA
cc-pvdz,3.759550561797753,1,1,,-0.8942813158292088,KS-LDA
cc-pvdz,3.759550561797753,1,3,,-0.9552191743069368,KS-LDA
cc-pvdz,3.813483146067416,1,1,,-0.8936089168990475,KS-LDA
cc-pvdz,3.813483146067416,1,3,,-0.95520828994949,KS-LDA
cc-pvdz,3.867415730337079,1,1,,-0.8929828821015615,KS-LDA
cc-pvdz,3.867415730337079,1,3,,-0.9551977232681121,KS-LDA
cc-pvdz,3.921348314606742,1,1,,-0.8924003747257683,KS-LDA
cc-pvdz,3.921348314606742,1,3,,-0.9551875701184096,KS-LDA
cc-pvdz,3.9752808988764046,1,1,,-0.8918587078865015,KS-LDA
cc-pvdz,3.9752808988764046,1,3,,-0.9551779077084965,KS-LDA
cc-pvdz,4.0292134831460675,1,1,,-0.8913553344836801,KS-LDA
cc-pvdz,4.0292134831460675,1,3,,-0.9551687926258497,KS-LDA
cc-pvdz,4.08314606741573,1,1,,-0.8908878366215354,KS-LDA
cc-pvdz,4.08314606741573,1,3,,-0.9551602573350846,KS-LDA
cc-pvdz,4.1370786516853935,1,1,,-0.8904539188760091,KS-LDA
cc-pvdz,4.1370786516853935,1,3,,-0.9551523111133878,KS-LDA
cc-pvdz,4.191011235955056,1,1,,-0.8900514080535941,KS-LDA
cc-pvdz,4.191011235955056,1,3,,-0.9551449488238183,KS-LDA
cc-pvdz,4.244943820224719,1,1,,-0.8896782568920635,KS-LDA
cc-pvdz,4.244943820224719,1,3,,-0.9551381640835551,KS-LDA
cc-pvdz,4.298876404494382,1,1,,-0.8893325431721204,KS-LDA
cc-pvdz,4.298876404494382,1,3,,-0.9551319553231816,KS-LDA
cc-pvdz,4.352808988764045,1,1,,-0.8890124589120023,KS-LDA
cc-pvdz,4.352808988764045,1,3,,-0.9551263187242676,KS-LDA
cc-pvdz,4.406741573033708,1,1,,-0.8887162940532979,KS-LDA
cc-pvdz,4.406741573033708,1,3,,-0.9551212346626353,KS-LDA
cc-pvdz,4.460674157303371,1,1,,-0.888442423304865,KS-LDA
cc-pvdz,4.460674157303371,1,3,,-0.9551166592541401,KS-LDA
cc-pvdz,4.514606741573034,1,1,,-0.888189302542249,KS-LDA
cc-pvdz,4.514606741573034,1,3,,-0.9551125284874632,KS-LDA
cc-pvdz,4.568539325842697,1,1,,-0.887955474769522,KS-LDA
cc-pvdz,4.568539325842697,1,3,,-0.9551087735773163,KS-LDA
cc-pvdz,4.62247191011236,1,1,,-0.887739579912327,KS-LDA
cc-pvdz,4.62247191011236,1,3,,-0.9551053393976804,KS-LDA
cc-pvdz,4.676404494382023,1,1,,-0.8875403617235769,KS-LDA
cc-pvdz,4.676404494382023,1,3,,-0.9551021974001623,KS-LDA
cc-pvdz,4.730337078651686,1,1,,-0.8873566678481286,KS-LDA
cc-pvdz,4.730337078651686,1,3,,-0.9550993490143938,KS-LDA
cc-pvdz,4.784269662921349,1,1,,-0.8871874423039158,KS-LDA
cc-pvdz,4.784269662921349,1,3,,-0.9550968197376495,KS-LDA
cc-pvdz,4.8382022471910116,1,1,,-0.8870317098114076,KS-LDA
cc-pvdz,4.8382022471910116,1,3,,-0.9550946438296628,KS-LDA
cc-pvdz,4.892134831460674,1,1,,-0.8868885540250684,KS-LDA
cc-pvdz,4.892134831460674,1,3,,-0.9550928425782221,KS-LDA
cc-pvdz,4.9460674157303375,1,1,,-0.8867570961374138,KS-LDA
cc-pvdz,4.9460674157303375,1,3,,-0.9550914044913486,KS-LDA
cc-pvdz,5.0,1,1,,-0.8866364810288909,KS-LDA
cc-pvdz,5.0,1,3,,-0.955090276029527,KS-LDA
