basis,torsion angle (deg),method,state index,spin multiplicity,spin type,energy (Hartree)
cc-pvdz,0.01,LDA,1,1,INVARIANT,-77.75059181173143
cc-pvdz,0.01,LDA,2,1,INVARIANT,-77.47167690552547
cc-pvdz,0.01,LDA,3,1,INVARIANT,-77.22045691477454
cc-pvdz,2.0,LDA,1,1,INVARIANT,-77.74980333427997
cc-pvdz,2.0,LDA,2,1,INVARIANT,-77.47386792042464
cc-pvdz,2.0,LDA,3,1,INVARIANT,-77.22776412541059
cc-pvdz,4.0,LDA,1,1,INVARIANT,-77.74896580698488
cc-pvdz,4.0,LDA,2,1,INVARIANT,-77.47619664023495
cc-pvdz,4.0,LDA,3,1,INVARIANT,-77.23532060381649
cc-pvdz,6.0,LDA,1,1,INVARIANT,-77.74807189323762
cc-pvdz,6.0,LDA,2,1,INVARIANT,-77.47864445613222
cc-pvdz,6.0,LDA,3,1,INVARIANT,-77.24309719605752
cc-pvdz,8.0,LDA,1,1,INVARIANT,-77.74711570752622
cc-pvdz,8.0,LDA,2,1,INVARIANT,-77.48120721830988
cc-pvdz,8.0,LDA,3,1,INVARIANT,-77.25108148150443
cc-pvdz,10.0,LDA,1,1,INVARIANT,-77.74609231201222
cc-pvdz,10.0,LDA,2,1,INVARIANT,-77.48388040568481
cc-pvdz,10.0,LDA,3,1,INVARIANT,-77.25925116388504
cc-pvdz,12.0,LDA,1,1,INVARIANT,-77.74499618380197
cc-pvdz,12.0,LDA,2,1,INVARIANT,-77.48665762091296
cc-pvdz,12.0,LDA,3,1,INVARIANT,-77.26757939034385
cc-pvdz,14.0,LDA,1,1,INVARIANT,-77.74382037702743
cc-pvdz,14.0,LDA,2,1,INVARIANT,-77.48952932945451
cc-pvdz,14.0,LDA,3,1,INVARIANT,-77.27603961320808
cc-pvdz,16.0,LDA,1,1,INVARIANT,-77.74255666314784
cc-pvdz,16.0,LDA,2,1,INVARIANT,-77.49248315391377
cc-pvdz,16.0,LDA,3,1,INVARIANT,-77.28460778803718
cc-pvdz,18.0,LDA,1,1,INVARIANT,-77.74119629423545
cc-pvdz,18.0,LDA,2,1,INVARIANT,-77.49550444135603
cc-pvdz,18.0,LDA,3,1,INVARIANT,-77.2932631686639
cc-pvdz,20.0,LDA,1,1,INVARIANT,-77.73973060275898
cc-pvdz,20.0,LDA,2,1,INVARIANT,-77.49857728807542
cc-pvdz,20.0,LDA,3,1,INVARIANT,-77.30198815821672
cc-pvdz,22.0,LDA,1,1,INVARIANT,-77.73815142114415
cc-pvdz,22.0,LDA,2,1,INVARIANT,-77.50168545025288
cc-pvdz,22.0,LDA,3,1,INVARIANT,-77.31076784872435
cc-pvdz,24.0,LDA,1,1,INVARIANT,-77.73645135056839
cc-pvdz,24.0,LDA,2,1,INVARIANT,-77.50481303827847
cc-pvdz,24.0,LDA,3,1,INVARIANT,-77.3195894474992
cc-pvdz,26.0,LDA,1,1,INVARIANT,-77.73462402326211
cc-pvdz,26.0,LDA,2,1,INVARIANT,-77.50794500438413
cc-pvdz,26.0,LDA,3,1,INVARIANT,-77.32844158209184
cc-pvdz,28.0,LDA,1,1,INVARIANT,-77.73266410189402
cc-pvdz,28.0,LDA,2,1,INVARIANT,-77.51106739833449
cc-pvdz,28.0,LDA,3,1,INVARIANT,-77.33731392804104
cc-pvdz,30.0,LDA,1,1,INVARIANT,-77.7305672239467
cc-pvdz,30.0,LDA,2,1,INVARIANT,-77.51416751796305
cc-pvdz,30.0,LDA,3,1,INVARIANT,-77.34619694219626
cc-pvdz,32.0,LDA,1,1,INVARIANT,-77.72833005375315
cc-pvdz,32.0,LDA,2,1,INVARIANT,-77.51723390927039
cc-pvdz,32.0,LDA,3,1,INVARIANT,-77.35508162519046
cc-pvdz,34.0,LDA,1,1,INVARIANT,-77.72595004087033
cc-pvdz,34.0,LDA,2,1,INVARIANT,-77.52025639294546
cc-pvdz,34.0,LDA,3,1,INVARIANT,-77.36395951675584
cc-pvdz,36.0,LDA,1,1,INVARIANT,-77.72342543323911
cc-pvdz,36.0,LDA,2,1,INVARIANT,-77.52322592397205
cc-pvdz,36.0,LDA,3,1,INVARIANT,-77.37282251827521
cc-pvdz,38.0,LDA,1,1,INVARIANT,-77.72075512953487
cc-pvdz,38.0,LDA,2,1,INVARIANT,-77.52613445092666
cc-pvdz,38.0,LDA,3,1,INVARIANT,-77.38166279680927
cc-pvdz,40.0,LDA,1,1,INVARIANT,-77.71793855268169
cc-pvdz,40.0,LDA,2,1,INVARIANT,-77.52897476765527
cc-pvdz,40.0,LDA,3,1,INVARIANT,-77.3904726814795
cc-pvdz,42.0,LDA,1,1,INVARIANT,-77.71497563045942
cc-pvdz,42.0,LDA,2,1,INVARIANT,-77.53174035356183
cc-pvdz,42.0,LDA,3,1,INVARIANT,-77.39924457774178
cc-pvdz,44.0,LDA,1,1,INVARIANT,-77.71186670800242
cc-pvdz,44.0,LDA,2,1,INVARIANT,-77.5344253604704
cc-pvdz,44.0,LDA,3,1,INVARIANT,-77.40797096641903
cc-pvdz,46.0,LDA,1,1,INVARIANT,-77.7086126101618
cc-pvdz,46.0,LDA,2,1,INVARIANT,-77.53702454079536
cc-pvdz,46.0,LDA,3,1,INVARIANT,-77.41664442260875
cc-pvdz,48.0,LDA,1,1,INVARIANT,-77.70521460124817
cc-pvdz,48.0,LDA,2,1,INVARIANT,-77.5395332682934
cc-pvdz,48.0,LDA,3,1,INVARIANT,-77.42525763904146
cc-pvdz,50.0,LDA,1,1,INVARIANT,-77.70167458788404
cc-pvdz,50.0,LDA,2,1,INVARIANT,-77.54194738405366
cc-pvdz,50.0,LDA,3,1,INVARIANT,-77.43380328149172
cc-pvdz,52.0,LDA,1,1,INVARIANT,-77.69799483143127
cc-pvdz,52.0,LDA,2,1,INVARIANT,-77.54426323438926
cc-pvdz,52.0,LDA,3,1,INVARIANT,-77.44227403693213
cc-pvdz,54.0,LDA,1,1,INVARIANT,-77.69417837043703
cc-pvdz,54.0,LDA,2,1,INVARIANT,-77.54647739977865
cc-pvdz,54.0,LDA,3,1,INVARIANT,-77.45066223742292
cc-pvdz,56.0,LDA,1,1,INVARIANT,-77.69022848183732
cc-pvdz,56.0,LDA,2,1,INVARIANT,-77.5485868772816
cc-pvdz,56.0,LDA,3,1,INVARIANT,-77.45896007793512
cc-pvdz,58.0,LDA,1,1,INVARIANT,-77.68614954942763
cc-pvdz,58.0,LDA,2,1,INVARIANT,-77.55058878312022
cc-pvdz,58.0,LDA,3,1,INVARIANT,-77.46715904098608
cc-pvdz,60.0,LDA,1,1,INVARIANT,-77.68194695713525
cc-pvdz,60.0,LDA,2,1,INVARIANT,-77.55248052152854
cc-pvdz,60.0,LDA,3,1,INVARIANT,-77.47524991467736
cc-pvdz,62.0,LDA,1,1,INVARIANT,-77.67762703629498
cc-pvdz,62.0,LDA,2,1,INVARIANT,-77.55425988654194
cc-pvdz,62.0,LDA,3,1,INVARIANT,-77.48322280160775
cc-pvdz,64.0,LDA,1,1,INVARIANT,-77.6731983275665
cc-pvdz,64.0,LDA,2,1,INVARIANT,-77.55592478788502
cc-pvdz,64.0,LDA,3,1,INVARIANT,-77.49106608916644
cc-pvdz,66.0,LDA,1,1,INVARIANT,-77.66867124572876
cc-pvdz,66.0,LDA,2,1,INVARIANT,-77.55747342820588
cc-pvdz,66.0,LDA,3,1,INVARIANT,-77.49876647973609
cc-pvdz,68.0,LDA,1,1,INVARIANT,-77.66405932128433
cc-pvdz,68.0,LDA,2,1,INVARIANT,-77.55890413035664
cc-pvdz,68.0,LDA,3,1,INVARIANT,-77.50630779042915
cc-pvdz,70.0,LDA,1,1,INVARIANT,-77.65938011623655
cc-pvdz,70.0,LDA,2,1,INVARIANT,-77.56021535655465
cc-pvdz,70.0,LDA,3,1,INVARIANT,-77.51366994943862
cc-pvdz,72.0,LDA,1,1,INVARIANT,-77.65465700429242
cc-pvdz,72.0,LDA,2,1,INVARIANT,-77.56140569201334
cc-pvdz,72.0,LDA,3,1,INVARIANT,-77.52082724492307
cc-pvdz,74.0,LDA,1,1,INVARIANT,-77.64992167624172
cc-pvdz,74.0,LDA,2,1,INVARIANT,-77.56247387778743
cc-pvdz,74.0,LDA,3,1,INVARIANT,-77.52774584407835
cc-pvdz,76.0,LDA,1,1,INVARIANT,-77.64521798077885
cc-pvdz,76.0,LDA,2,1,INVARIANT,-77.56341880069388
cc-pvdz,76.0,LDA,3,1,INVARIANT,-77.53438000982344
cc-pvdz,78.0,LDA,1,1,INVARIANT,-77.64060777429624
cc-pvdz,78.0,LDA,2,1,INVARIANT,-77.56423949689787
cc-pvdz,78.0,LDA,3,1,INVARIANT,-77.54066627124476
cc-pvdz,80.0,LDA,1,1,INVARIANT,-77.63617948164655
cc-pvdz,80.0,LDA,2,1,INVARIANT,-77.56493515745426
cc-pvdz,80.0,LDA,3,1,INVARIANT,-77.54651485723743
cc-pvdz,82.0,LDA,1,1,INVARIANT,-77.63205965262001
cc-pvdz,82.0,LDA,2,1,INVARIANT,-77.56550515868939
cc-pvdz,82.0,LDA,3,1,INVARIANT,-77.55179809009492
cc-pvdz,84.0,LDA,1,1,INVARIANT,-77.62842696577755
cc-pvdz,84.0,LDA,2,1,INVARIANT,-77.56594896082113
cc-pvdz,84.0,LDA,3,1,INVARIANT,-77.55633646390977
cc-pvdz,86.0,LDA,1,1,INVARIANT,-77.62551809210541
cc-pvdz,86.0,LDA,2,1,INVARIANT,-77.56626618480597
cc-pvdz,86.0,LDA,3,1,INVARIANT,-77.55989268448715
cc-pvdz,88.0,LDA,1,1,INVARIANT,-77.62360809874805
cc-pvdz,88.0,LDA,2,1,INVARIANT,-77.56645660073409
cc-pvdz,88.0,LDA,3,1,INVARIANT,-77.56219124863887
cc-pvdz,90.0,LDA,1,1,INVARIANT,-77.62293827987611
cc-pvdz,90.0,LDA,2,1,INVARIANT,-77.56652009550513
cc-pvdz,90.0,LDA,3,1,INVARIANT,-77.56299060676565
cc-pvdz,92.0,LDA,1,1,INVARIANT,-77.623608098748
cc-pvdz,92.0,LDA,2,1,INVARIANT,-77.56645660073399
cc-pvdz,92.0,LDA,3,1,INVARIANT,-77.56219124863883
cc-pvdz,94.0,LDA,1,1,INVARIANT,-77.6255180921054
cc-pvdz,94.0,LDA,2,1,INVARIANT,-77.56626618480601
cc-pvdz,94.0,LDA,3,1,INVARIANT,-77.55989268448715
cc-pvdz,96.0,LDA,1,1,INVARIANT,-77.62842696577748
cc-pvdz,96.0,LDA,2,1,INVARIANT,-77.565948960821
cc-pvdz,96.0,LDA,3,1,INVARIANT,-77.55633646390967
cc-pvdz,98.0,LDA,1,1,INVARIANT,-77.63205965261997
cc-pvdz,98.0,LDA,2,1,INVARIANT,-77.56550515868939
cc-pvdz,98.0,LDA,3,1,INVARIANT,-77.55179809009488
cc-pvdz,100.0,LDA,1,1,INVARIANT,-77.63617948164658
cc-pvdz,100.0,LDA,2,1,INVARIANT,-77.56493515745434
cc-pvdz,100.0,LDA,3,1,INVARIANT,-77.54651485723751
cc-pvdz,102.0,LDA,1,1,INVARIANT,-77.64060777429636
cc-pvdz,102.0,LDA,2,1,INVARIANT,-77.56423949689793
cc-pvdz,102.0,LDA,3,1,INVARIANT,-77.54066627124482
cc-pvdz,104.0,LDA,1,1,INVARIANT,-77.64521798077892
cc-pvdz,104.0,LDA,2,1,INVARIANT,-77.56341880069395
cc-pvdz,104.0,LDA,3,1,INVARIANT,-77.53438000982344
cc-pvdz,106.0,LDA,1,1,INVARIANT,-77.64992167624165
cc-pvdz,106.0,LDA,2,1,INVARIANT,-77.56247387778737
cc-pvdz,106.0,LDA,3,1,INVARIANT,-77.52774584407825
cc-pvdz,108.0,LDA,1,1,INVARIANT,-77.65465700429235
cc-pvdz,108.0,LDA,2,1,INVARIANT,-77.56140569201332
cc-pvdz,108.0,LDA,3,1,INVARIANT,-77.52082724492314
cc-pvdz,110.0,LDA,1,1,INVARIANT,-77.6593801162365
cc-pvdz,110.0,LDA,2,1,INVARIANT,-77.56021535655468
cc-pvdz,110.0,LDA,3,1,INVARIANT,-77.51366994943868
cc-pvdz,112.0,LDA,1,1,INVARIANT,-77.66405932128431
cc-pvdz,112.0,LDA,2,1,INVARIANT,-77.55890413035662
cc-pvdz,112.0,LDA,3,1,INVARIANT,-77.50630779042918
cc-pvdz,114.0,LDA,1,1,INVARIANT,-77.66867124572883
cc-pvdz,114.0,LDA,2,1,INVARIANT,-77.55747342820597
cc-pvdz,114.0,LDA,3,1,INVARIANT,-77.49876647973615
cc-pvdz,116.0,LDA,1,1,INVARIANT,-77.67319832756655
cc-pvdz,116.0,LDA,2,1,INVARIANT,-77.55592478788496
cc-pvdz,116.0,LDA,3,1,INVARIANT,-77.49106608916644
cc-pvdz,118.0,LDA,1,1,INVARIANT,-77.6776270362949
cc-pvdz,118.0,LDA,2,1,INVARIANT,-77.55425988654189
cc-pvdz,118.0,LDA,3,1,INVARIANT,-77.4832228016077
cc-pvdz,120.0,LDA,1,1,INVARIANT,-77.6819469571353
cc-pvdz,120.0,LDA,2,1,INVARIANT,-77.55248052152851
cc-pvdz,120.0,LDA,3,1,INVARIANT,-77.47524991467736
cc-pvdz,122.0,LDA,1,1,INVARIANT,-77.68614954942764
cc-pvdz,122.0,LDA,2,1,INVARIANT,-77.55058878312029
cc-pvdz,122.0,LDA,3,1,INVARIANT,-77.46715904098606
cc-pvdz,124.0,LDA,1,1,INVARIANT,-77.69022848183738
cc-pvdz,124.0,LDA,2,1,INVARIANT,-77.54858687728162
cc-pvdz,124.0,LDA,3,1,INVARIANT,-77.4589600779351
cc-pvdz,126.0,LDA,1,1,INVARIANT,-77.69417837043703
cc-pvdz,126.0,LDA,2,1,INVARIANT,-77.5464773997785
cc-pvdz,126.0,LDA,3,1,INVARIANT,-77.45066223742292
cc-pvdz,128.0,LDA,1,1,INVARIANT,-77.69799483143129
cc-pvdz,128.0,LDA,2,1,INVARIANT,-77.5442632343892
cc-pvdz,128.0,LDA,3,1,INVARIANT,-77.44227403693203
cc-pvdz,130.0,LDA,1,1,INVARIANT,-77.70167458788396
cc-pvdz,130.0,LDA,2,1,INVARIANT,-77.5419473840537
cc-pvdz,130.0,LDA,3,1,INVARIANT,-77.43380328149175
cc-pvdz,132.0,LDA,1,1,INVARIANT,-77.7052146012483
cc-pvdz,132.0,LDA,2,1,INVARIANT,-77.5395332682935
cc-pvdz,132.0,LDA,3,1,INVARIANT,-77.42525763904159
cc-pvdz,134.0,LDA,1,1,INVARIANT,-77.70861261016175
cc-pvdz,134.0,LDA,2,1,INVARIANT,-77.53702454079529
cc-pvdz,134.0,LDA,3,1,INVARIANT,-77.41664442260885
cc-pvdz,136.0,LDA,1,1,INVARIANT,-77.7118667080025
cc-pvdz,136.0,LDA,2,1,INVARIANT,-77.53442536047045
cc-pvdz,136.0,LDA,3,1,INVARIANT,-77.40797096641901
cc-pvdz,138.0,LDA,1,1,INVARIANT,-77.7149756304594
cc-pvdz,138.0,LDA,2,1,INVARIANT,-77.53174035356183
cc-pvdz,138.0,LDA,3,1,INVARIANT,-77.39924457774165
cc-pvdz,140.0,LDA,1,1,INVARIANT,-77.7179385526817
cc-pvdz,140.0,LDA,2,1,INVARIANT,-77.5289747676552
cc-pvdz,140.0,LDA,3,1,INVARIANT,-77.39047268147944
cc-pvdz,142.0,LDA,1,1,INVARIANT,-77.72075512953494
cc-pvdz,142.0,LDA,2,1,INVARIANT,-77.5261344509266
cc-pvdz,142.0,LDA,3,1,INVARIANT,-77.38166279680911
cc-pvdz,144.0,LDA,1,1,INVARIANT,-77.72342543323913
cc-pvdz,144.0,LDA,2,1,INVARIANT,-77.52322592397212
cc-pvdz,144.0,LDA,3,1,INVARIANT,-77.37282251827531
cc-pvdz,146.0,LDA,1,1,INVARIANT,-77.7259500408704
cc-pvdz,146.0,LDA,2,1,INVARIANT,-77.52025639294557
cc-pvdz,146.0,LDA,3,1,INVARIANT,-77.3639595167558
cc-pvdz,148.0,LDA,1,1,INVARIANT,-77.72833005375311
cc-pvdz,148.0,LDA,2,1,INVARIANT,-77.5172339092703
cc-pvdz,148.0,LDA,3,1,INVARIANT,-77.35508162519041
cc-pvdz,150.0,LDA,1,1,INVARIANT,-77.73056722394676
cc-pvdz,150.0,LDA,2,1,INVARIANT,-77.51416751796319
cc-pvdz,150.0,LDA,3,1,INVARIANT,-77.34619694219629
cc-pvdz,152.0,LDA,1,1,INVARIANT,-77.73266410189395
cc-pvdz,152.0,LDA,2,1,INVARIANT,-77.51106739833452
cc-pvdz,152.0,LDA,3,1,INVARIANT,-77.3373139280411
cc-pvdz,154.0,LDA,1,1,INVARIANT,-77.73462402326216
cc-pvdz,154.0,LDA,2,1,INVARIANT,-77.50794500438404
cc-pvdz,154.0,LDA,3,1,INVARIANT,-77.32844158209174
cc-pvdz,156.0,LDA,1,1,INVARIANT,-77.73645135056849
cc-pvdz,156.0,LDA,2,1,INVARIANT,-77.50481303827846
cc-pvdz,156.0,LDA,3,1,INVARIANT,-77.31958944749918
cc-pvdz,158.0,LDA,1,1,INVARIANT,-77.73815142114405
cc-pvdz,158.0,LDA,2,1,INVARIANT,-77.50168545025288
cc-pvdz,158.0,LDA,3,1,INVARIANT,-77.31076784872431
cc-pvdz,160.0,LDA,1,1,INVARIANT,-77.73973060275904
cc-pvdz,160.0,LDA,2,1,INVARIANT,-77.49857728807548
cc-pvdz,160.0,LDA,3,1,INVARIANT,-77.3019881582168
cc-pvdz,162.0,LDA,1,1,INVARIANT,-77.74119629423545
cc-pvdz,162.0,LDA,2,1,INVARIANT,-77.49550444135596
cc-pvdz,162.0,LDA,3,1,INVARIANT,-77.2932631686638
cc-pvdz,164.0,LDA,1,1,INVARIANT,-77.74255666314782
cc-pvdz,164.0,LDA,2,1,INVARIANT,-77.49248315391375
cc-pvdz,164.0,LDA,3,1,INVARIANT,-77.28460778803719
cc-pvdz,166.0,LDA,1,1,INVARIANT,-77.74382037702735
cc-pvdz,166.0,LDA,2,1,INVARIANT,-77.48952932945458
cc-pvdz,166.0,LDA,3,1,INVARIANT,-77.27603961320814
cc-pvdz,168.0,LDA,1,1,INVARIANT,-77.74499618380192
cc-pvdz,168.0,LDA,2,1,INVARIANT,-77.48665762091296
cc-pvdz,168.0,LDA,3,1,INVARIANT,-77.26757939034377
cc-pvdz,170.0,LDA,1,1,INVARIANT,-77.74609231201238
cc-pvdz,170.0,LDA,2,1,INVARIANT,-77.48388040568499
cc-pvdz,170.0,LDA,3,1,INVARIANT,-77.25925116388525
cc-pvdz,172.0,LDA,1,1,INVARIANT,-77.74711570752629
cc-pvdz,172.0,LDA,2,1,INVARIANT,-77.48120721830998
cc-pvdz,172.0,LDA,3,1,INVARIANT,-77.25108148150449
cc-pvdz,174.0,LDA,1,1,INVARIANT,-77.74807189323775
cc-pvdz,174.0,LDA,2,1,INVARIANT,-77.47864445613229
cc-pvdz,174.0,LDA,3,1,INVARIANT,-77.24309719605768
cc-pvdz,176.0,LDA,1,1,INVARIANT,-77.7489658069849
cc-pvdz,176.0,LDA,2,1,INVARIANT,-77.476196640235
cc-pvdz,176.0,LDA,3,1,INVARIANT,-77.23532060381659
cc-pvdz,178.0,LDA,1,1,INVARIANT,-77.74980333428002
cc-pvdz,178.0,LDA,2,1,INVARIANT,-77.47386792042474
cc-pvdz,178.0,LDA,3,1,INVARIANT,-77.2277641254106
cc-pvdz,179.99,LDA,1,1,INVARIANT,-77.75059181173145
cc-pvdz,179.99,LDA,2,1,INVARIANT,-77.47167690552538
cc-pvdz,179.99,LDA,3,1,INVARIANT,-77.22045691477439
